,Company Name,Listed Date,Issue Price,Listing Day Close,Listing Day Gain,Current Price,Profit/Loss,Year,Is_Successful
0,Jainik Power and Cables Limited,2025-06-17,110,82.85,-0.002468,,-0.002468,2025,0
1,Sacheerome Limited,2025-06-16,102,160.55,0.005739999999999999,0.0,0.006525,2025,0
2,Ganga Bath Fittings Limited,2025-06-11,49,56.05,0.001439,,-0.000673,2025,0
3,3B Films Limited,2025-06-06,50,46.08,-0.000784,32.21,-0.003558,2025,0
4,Neptune Petrochemicals Limited,2025-06-04,122,139.35,0.001422,,0.002156,2025,0
5,N R Vandana Tex Industries Limited,2025-06-04,45,43.7,-0.000289,,-0.000478,2025,0
6,Blue Water Logistics Limited,2025-06-03,135,148.05,0.000967,,0.003178,2025,0
7,Astonea Labs Ltd,2025-06-03,135,135.65,4.799999999999999e-05,142.35,0.000544,2025,0
8,Nikita Papers Limited,2025-06-03,104,90.45,-0.001303,,-0.000125,2025,0
9,Unified Data-Tech Solutions Limited,2025-05-29,273,299.25,0.000962,341.35,0.002504,2025,0
10,Dar Credit and Capital Limited,2025-05-28,60,63.95,0.000658,,-0.000742,2025,0
11,Accretion Pharmaceuticals Limited,2025-05-21,101,82.95,-0.001787,,-0.002376,2025,0
12,Integrity Infrabuild Developers Limited,2025-05-20,100,103.5,0.0003500000000000001,,0.0002,2025,0
13,Virtual Galaxy Infotech Limited,2025-05-19,142,189.0,0.00331,,0.002215,2025,0
14,Manoj Jewellers Limited,2025-05-12,54,53.77,-4.3e-05,45.07,-0.001654,2025,0
15,Srigee DLM Limited,2025-05-12,99,197.5,0.009949,276.8,0.01796,2025,0
16,Kenrik Industries Limited,2025-05-09,25,26.26,0.000504,18.2,-0.00272,2025,0
17,Arunaya Organics Limited,2025-05-07,58,31.6,-0.004552,,-0.004275999999999999,2025,0
18,Iware Supplychain Services Limited,2025-05-06,95,80.9,-0.001484,,-0.000263,2025,0
19,Tankup Engineers Limited,2025-04-30,140,183.75,0.003125,,0.013457,2025,0
20,Infonative Solutions Limited,2025-04-08,79,60.04,-0.0024,33.2,-0.005797,2025,0
21,Spinaroo Commercial Limited,2025-04-08,51,54.44,0.000675,65.89,0.00292,2025,0
22,Retaggio Industries Limited,2025-04-07,25,25.2,8e-05,19.35,-0.00226,2025,0
23,Identixweb Limited,2025-04-03,54,57.75,0.0006940000000000001,69.5,0.00287,2025,0
24,Shri Ahimsa Naturals Limited,2025-04-02,119,147.0,0.002353,,0.002689,2025,0
25,ATC Energies System Limited,2025-04-02,118,101.65,-0.001386,,-0.003182,2025,0
26,Desco Infratech Limited,2025-04-01,150,168.0,0.0012,229.0,0.005266999999999999,2025,0
27,Rapid Fleet Management Services Limited,2025-03-28,192,200.9,0.0004639999999999999,,0.000156,2025,0
28,Active Infrastructures Limited,2025-03-28,181,175.6,-0.000298,,-0.000608,2025,0
29,Grand Continent Hotels Limited,2025-03-27,113,107.25,-0.000509,,0.003765,2025,0
30,Paradeep Parivahan Limited,2025-03-24,98,82.32,-0.0016,111.75,0.001403,2025,0
31,Divine Hira Jewellers Limited,2025-03-24,90,85.5,-0.0005,,-0.004078,2025,0
32,Super Iron Foundry Limited,2025-03-19,108,102.6,-0.0005,34.79,-0.006778999999999999,2025,0
33,PDP Shipping & Projects Limited,2025-03-18,135,102.85,-0.002381,88.0,-0.003481,2025,0
34,NAPS Global India Limited,2025-03-11,90,102.6,0.0014,42.26,-0.005304,2025,0
35,Balaji Phosphates Limited,2025-03-07,70,74.35,0.000621,,0.010557,2025,0
36,Shreenath Paper Products Limited,2025-03-05,44,33.44,-0.0024,18.84,-0.005718,2025,0
37,Nukleus Office Solutions Limited,2025-03-04,234,196.55,-0.0016,180.9,-0.002269,2025,0
38,Beezaasan Explotech Limited,2025-03-03,175,153.3,-0.00124,245.0,0.004,2025,0
39,HP Telecom India Limited,2025-02-28,108,115.05,0.0006529999999999999,,0.008889000000000001,2025,0
40,Swasth Foodtech India Limited,2025-02-28,94,89.3,-0.0005,30.25,-0.006782,2025,0
41,Royalarc Electrodes Limited,2025-02-24,120,121.3,0.000108,,0.0025,2025,0
42,Tejas Cargo India Limited,2025-02-24,168,168.0,0.0,,-0.000137,2025,0
43,L.K. Mehta Polymers Limited,2025-02-21,71,68.29,-0.000382,52.05,-0.002669,2025,0
44,Shanmuga Hospital Limited,2025-02-21,54,51.3,-0.0005,37.32,-0.003089,2025,0
45,PS Raj Steels Limited,2025-02-19,140,150.6,0.0007570000000000001,,0.0008359999999999999,2025,0
46,Voler Car Limited,2025-02-19,90,91.45,0.000161,,-0.000189,2025,0
47,Maxvolt Energy Industries Limited,2025-02-19,180,180.9,5e-05,,0.0024,2025,0
48,Chandan Healthcare Limited,2025-02-17,159,173.35,0.000903,,0.003289,2025,0
49,Eleganz Interiors Limited,2025-02-14,130,116.05,-0.001073,,-0.000304,2025,0
50,Solarium Green Energy Limited,2025-02-13,191,211.9,0.001094,417.95,0.011882,2025,0
51,Readymix Construction Machinery Limited,2025-02-13,123,116.85,-0.0005,,-0.002329,2025,0
52,Ken Enterprises Limited,2025-02-12,94,80.75,-0.00141,,-0.005638,2025,0
53,Amwill Healthcare Limited,2025-02-12,111,93.25,-0.001599,70.74,-0.003627,2025,0
54,Chamunda Electrical Limited,2025-02-11,50,66.5,0.0033,,-0.00123,2025,0
55,Malpani Pipes And Fittings Limited,2025-02-04,90,84.04,-0.0006619999999999999,73.0,-0.001889,2025,0
56,GB Logistics Commerce Limited,2025-01-31,102,81.75,-0.001985,44.78,-0.00561,2025,0
57,H.M. Electro Mech Limited,2025-01-31,75,77.04,0.000272,68.57,-0.000857,2025,0
58,CLN Energy Limited,2025-01-30,250,254.15,0.000166,478.0,0.00912,2025,0
59,Rexpro Enterprises Limited,2025-01-29,145,111.15,-0.002334,,-0.004014,2025,0
60,CapitalNumbers Infotech Limited,2025-01-27,263,261.35,-6.3e-05,132.0,-0.004981,2025,0
61,EMA Partners India Limited,2025-01-24,124,148.7,0.001992,,-8.5e-05,2025,0
62,Landmark Immigration Consultants Limited,2025-01-23,72,75.07,0.000426,60.05,-0.00166,2025,0
63,Kabra Jewels Limited,2025-01-22,128,255.35,0.009949,,-0.000195,2025,0
64,Rikhav Securities Limited,2025-01-22,86,171.55,0.009948,58.95,-0.003145,2025,0
65,Barflex Polyfilms Limited,2025-01-20,60,63.0,0.0005,,0.001608,2025,0
66,Sat Kartar Shopping Limited,2025-01-17,81,161.55,0.009944,,0.015611,2025,0
67,B.R.Goyal Infrastructure Limited,2025-01-14,135,142.5,0.000556,125.0,-0.000741,2025,0
68,Delta Autocorp Limited,2025-01-14,130,167.25,0.002865,,-0.003946,2025,0
69,Avax Apparels And Ornaments Limited,2025-01-14,70,139.65,0.00995,119.2,0.007029,2025,0
70,Indobell Insulation Limited,2025-01-13,46,91.77,0.00995,131.75,0.018641,2025,0
71,Fabtech Technologies Cleanrooms Limited,2025-01-10,85,169.57,0.009949,345.0,0.030588,2025,0
72,Davin Sons Retail Limited,2025-01-09,55,46.2,-0.0016,18.53,-0.006631000000000001,2025,0
73,Parmeshwar Metal Limited,2025-01-09,61,88.72,0.004544,69.0,0.001311,2025,0
74,Leo Dry Fruits and Spices Trading Ltd,2025-01-08,52,71.36,0.003723,83.5,0.006058,2025,0
75,Technichem Organics Limited,2025-01-07,55,63.11,0.001475,44.1,-0.001982,2025,0
76,Citichem India Limited,2025-01-03,70,68.28,-0.000246,26.56,-0.006206000000000001,2025,0
77,Anya Polytech & Fertilizers Limited,2025-01-02,14,17.95,0.002821,,0.009285999999999999,2025,0
78,Newmalayalam Steel Limited,2024-12-27,90,85.5,-0.0005,,-0.006522,2024,0
79,Identical Brains Studios Limited,2024-12-26,54,99.75,0.008472,,-0.002222,2024,0
80,NACDAC Infrastructure Limited,2024-12-24,35,69.82,0.009949,40.25,0.0015,2024,0
81,Hamps Bio Limited,2024-12-20,51,101.74,0.009949,42.5,-0.001667,2024,0
82,Yash Highvoltage Limited,2024-12-19,146,285.63,0.009564,340.8,0.013342,2024,0
83,Purple United Sales Limited,2024-12-18,126,208.95,0.006583,,0.015091,2024,0
84,Supreme Facility Management Limited,2024-12-18,76,71.25,-0.000625,,-0.00573,2024,0
85,Jungle Camps India Limited,2024-12-17,72,129.96,0.00805,63.9,-0.001125,2024,0
86,Toss The Coin Limited,2024-12-17,182,363.05,0.009948,430.5,0.013654,2024,0
87,Dhanlaxmi Crop Science Ltd,2024-12-16,55,109.7,0.009945,,-0.000209,2024,0
88,Emerald Tyre Manufacturers Limited,2024-12-12,95,189.5,0.009947000000000001,,0.002947,2024,0
89,Nisus Finance Services Co Limited,2024-12-11,180,236.25,0.003125,275.5,0.005306,2024,0
90,Ganesh Infraworld Limited,2024-12-06,83,165.55,0.009946,,0.009542,2024,0
91,Agarwal Toughened Glass India Limited,2024-12-05,108,141.75,0.003125,,0.001787,2024,0
92,Apex Ecotech Limited,2024-12-04,73,145.6,0.009945,,0.007123000000000001,2024,0
93,Abha Power and Steel Limited,2024-12-04,75,77.8,0.000373,,-0.005873000000000001,2024,0
94,C2C Advanced Systems Limited,2024-12-03,226,450.85,0.009949,,0.015223,2024,0
95,Rajputana Biodiesel Limited,2024-12-03,130,259.35,0.00995,,0.007522999999999999,2024,0
96,Rajesh Power Services Limited,2024-12-02,335,668.3,0.009949,1508.05,0.035016,2024,0
97,Lamosaic India Limited,2024-11-29,200,172.2,-0.00139,,-0.008067999999999999,2024,0
98,Onyx Biotec Limited,2024-11-22,61,56.75,-0.000697,,-0.00191,2024,0
99,Mangal Compusolution Limited,2024-11-21,45,42.75,-0.0005,45.47,0.000104,2024,0
100,Neelam Linens and Garments (India) Ltd,2024-11-18,24,38.05,0.005854000000000001,,0.000667,2024,0
101,Usha Financial Services Limited,2024-10-31,168,155.85,-0.000723,,-0.005536,2024,0
102,Danish Power Limited,2024-10-29,380,598.5,0.00575,,0.018024,2024,0
103,United Heat Transfer Limited,2024-10-29,59,63.95,0.000839,,0.002712,2024,0
104,OBSC Perfection Limited,2024-10-29,100,115.5,0.00155,,0.019145,2024,0
105,Rapid Fleet Management Services Limited,2025-03-28,192,200.9,0.0004639999999999999,,0.000156,2024,0
106,Active Infrastructures Limited,2025-03-28,181,175.6,-0.000298,,-0.000608,2024,0
107,Grand Continent Hotels Limited,2025-03-27,113,107.25,-0.000509,,0.003765,2024,0
108,Paradeep Parivahan Limited,2025-03-24,98,82.32,-0.0016,111.75,0.001403,2024,0
109,Divine Hira Jewellers Limited,2025-03-24,90,85.5,-0.0005,,-0.004078,2024,0
110,Super Iron Foundry Limited,2025-03-19,108,102.6,-0.0005,34.79,-0.006778999999999999,2024,0
111,PDP Shipping & Projects Limited,2025-03-18,135,102.85,-0.002381,88.0,-0.003481,2024,0
112,NAPS Global India Limited,2025-03-11,90,102.6,0.0014,42.26,-0.005304,2024,0
113,Balaji Phosphates Limited,2025-03-07,70,74.35,0.000621,,0.010557,2024,0
114,Shreenath Paper Products Limited,2025-03-05,44,33.44,-0.0024,18.84,-0.005718,2024,0
115,Nukleus Office Solutions Limited,2025-03-04,234,196.55,-0.0016,180.9,-0.002269,2024,0
116,Beezaasan Explotech Limited,2025-03-03,175,153.3,-0.00124,245.0,0.004,2024,0
117,HP Telecom India Limited,2025-02-28,108,115.05,0.0006529999999999999,,0.008889000000000001,2024,0
118,Swasth Foodtech India Limited,2025-02-28,94,89.3,-0.0005,30.25,-0.006782,2024,0
119,Royalarc Electrodes Limited,2025-02-24,120,121.3,0.000108,,0.0025,2024,0
120,Tejas Cargo India Limited,2025-02-24,168,168.0,0.0,,-0.000137,2024,0
121,L.K. Mehta Polymers Limited,2025-02-21,71,68.29,-0.000382,52.05,-0.002669,2024,0
122,Shanmuga Hospital Limited,2025-02-21,54,51.3,-0.0005,37.32,-0.003089,2024,0
123,PS Raj Steels Limited,2025-02-19,140,150.6,0.0007570000000000001,,0.0008359999999999999,2024,0
124,Voler Car Limited,2025-02-19,90,91.45,0.000161,,-0.000189,2024,0
125,Maxvolt Energy Industries Limited,2025-02-19,180,180.9,5e-05,,0.0024,2024,0
126,Chandan Healthcare Limited,2025-02-17,159,173.35,0.000903,,0.003289,2024,0
127,Eleganz Interiors Limited,2025-02-14,130,116.05,-0.001073,,-0.000304,2024,0
128,Solarium Green Energy Limited,2025-02-13,191,211.9,0.001094,417.95,0.011882,2024,0
129,Readymix Construction Machinery Limited,2025-02-13,123,116.85,-0.0005,,-0.002329,2024,0
130,Ken Enterprises Limited,2025-02-12,94,80.75,-0.00141,,-0.005638,2024,0
131,Amwill Healthcare Limited,2025-02-12,111,93.25,-0.001599,70.74,-0.003627,2024,0
132,Chamunda Electrical Limited,2025-02-11,50,66.5,0.0033,,-0.00123,2024,0
133,Malpani Pipes And Fittings Limited,2025-02-04,90,84.04,-0.0006619999999999999,73.0,-0.001889,2024,0
134,GB Logistics Commerce Limited,2025-01-31,102,81.75,-0.001985,44.78,-0.00561,2024,0
135,H.M. Electro Mech Limited,2025-01-31,75,77.04,0.000272,68.57,-0.000857,2024,0
136,CLN Energy Limited,2025-01-30,250,254.15,0.000166,478.0,0.00912,2024,0
137,Rexpro Enterprises Limited,2025-01-29,145,111.15,-0.002334,,-0.004014,2024,0
138,CapitalNumbers Infotech Limited,2025-01-27,263,261.35,-6.3e-05,132.0,-0.004981,2024,0
139,EMA Partners India Limited,2025-01-24,124,148.7,0.001992,,-8.5e-05,2024,0
140,Landmark Immigration Consultants Limited,2025-01-23,72,75.07,0.000426,60.05,-0.00166,2024,0
141,Kabra Jewels Limited,2025-01-22,128,255.35,0.009949,,-0.000195,2024,0
142,Rikhav Securities Limited,2025-01-22,86,171.55,0.009948,58.95,-0.003145,2024,0
143,Barflex Polyfilms Limited,2025-01-20,60,63.0,0.0005,,0.001608,2024,0
144,Sat Kartar Shopping Limited,2025-01-17,81,161.55,0.009944,,0.015611,2024,0
145,B.R.Goyal Infrastructure Limited,2025-01-14,135,142.5,0.000556,125.0,-0.000741,2024,0
146,Delta Autocorp Limited,2025-01-14,130,167.25,0.002865,,-0.003946,2024,0
147,Avax Apparels And Ornaments Limited,2025-01-14,70,139.65,0.00995,119.2,0.007029,2024,0
148,Indobell Insulation Limited,2025-01-13,46,91.77,0.00995,131.75,0.018641,2024,0
149,Fabtech Technologies Cleanrooms Limited,2025-01-10,85,169.57,0.009949,345.0,0.030588,2024,0
150,Davin Sons Retail Limited,2025-01-09,55,46.2,-0.0016,18.53,-0.006631000000000001,2024,0
151,Parmeshwar Metal Limited,2025-01-09,61,88.72,0.004544,69.0,0.001311,2024,0
152,Leo Dry Fruits and Spices Trading Ltd,2025-01-08,52,71.36,0.003723,83.5,0.006058,2024,0
153,Technichem Organics Limited,2025-01-07,55,63.11,0.001475,44.1,-0.001982,2024,0
154,Citichem India Limited,2025-01-03,70,68.28,-0.000246,26.56,-0.006206000000000001,2024,0
155,Anya Polytech & Fertilizers Limited,2025-01-02,14,17.95,0.002821,,0.009285999999999999,2024,0
156,Trident Techlabs Limited,2023-12-29,35,103.05,0.019443,,0.133043,2023,1
157,Supreme Power Equipment Limited,2023-12-29,65,102.9,0.005830999999999999,,0.0199,2023,0
158,Indifra Limited,2023-12-29,65,68.4,0.000523,,-0.007385,2023,0
159,Shanti Spintex Limited,2023-12-27,70,79.8,0.0014,66.51,-0.000499,2023,0
160,Electro Force (India) Limited,2023-12-27,93,105.0,0.00129,,-0.004522,2023,0
161,Sahara Maritime Limited,2023-12-26,81,81.16,2e-05,36.64,-0.005476999999999999,2023,0
162,Benchmark Computer Solutions Limited,2023-12-21,66,77.12,0.001685,27.72,-0.0058,2023,0
163,Siyaram Recycling Industries Limited,2023-12-21,46,57.75,0.002554,123.2,0.016783,2023,0
164,Shree OSFM E-Mobility Limited,2023-12-21,65,68.25,0.0005,,0.007845999999999999,2023,0
165,S J Logistics (India) Limited,2023-12-19,125,183.75,0.004699999999999999,,0.028812,2023,0
166,Presstonic Engineering Limited,2023-12-18,72,147.0,0.010417,,0.004562,2023,0
167,Accent Microcell Limited,2023-12-15,140,315.0,0.0125,,0.006411,2023,0
168,Graphisads Limited,2023-12-13,111,105.95,-0.000455,,-0.006126,2023,0
169,Sheetal Universal Limited,2023-12-11,70,75.4,0.000771,,0.008486,2023,0
170,Net Avenue Technologies Limited,2023-12-08,18,39.9,0.012167,,-0.006694,2023,0
171,Marinetrans India Limited,2023-12-08,26,31.0,0.001923,,-0.003788,2023,0
172,Deepak Chemtex Limited,2023-12-06,80,159.6,0.00995,145.3,0.008163,2023,0
173,AMIC Forging Limited,2023-12-06,126,251.35,0.009948,1579.05,0.115321,2023,1
174,Swashthik Plascon Limited,2023-12-05,86,126.1,0.004663,45.09,-0.004757,2023,0
175,Rockingdeals Circular Economy Limited,2023-11-30,140,315.0,0.0125,,0.002486,2023,0
176,Arrowhead Seperation Engineering Limited,2023-11-28,233,237.5,0.000193,75.54,-0.006757999999999999,2023,0
177,Sunrest Lifescience Limited,2023-11-20,84,79.8,-0.0005,,-0.003708,2023,0
178,Kalyani Cast Tech Ltd,2023-11-17,139,277.3,0.00995,508.6,0.02659,2023,0
179,ROX Hi-Tech Limited,2023-11-16,83,141.75,0.007078,,-0.004325,2023,0
180,Baba Food Processing India Limited,2023-11-15,76,72.2,-0.0005,,-0.004803,2023,0
181,Micropro Software Solutions Limited,2023-11-10,81,76.0,-0.0006169999999999999,,-0.007179,2023,0
182,SAR Televenture Limited,2023-11-08,55,110.25,0.010045,,0.035245,2023,0
183,Maitreya Medicare Limited,2023-11-07,82,154.45,0.008834999999999999,,0.023884,2023,0
184,Mish Designs Limited,2023-11-07,122,152.0,0.002459,71.35,-0.004152,2023,0
185,Transteel Seating Technologies Limited,2023-11-06,70,93.3,0.003329,,0.0085,2023,0
186,KK Shah Hospitals Limited,2023-11-06,45,58.9,0.003089,44.5,-0.000111,2023,0
187,Vrundavan Plantation Limited,2023-11-06,108,101.65,-0.000588,51.1,-0.005269,2023,0
188,Paragon Fine And Speciality Chemicals Limited,2023-11-03,100,213.75,0.011375,,-0.00351,2023,0
189,Shanthala FMCG Products Limited,2023-11-03,91,103.55,0.001379,,-0.006637,2023,0
190,On Door Concepts Limited,2023-11-01,208,203.4,-0.000221,,-0.002212,2023,0
191,Rajgor Castor Derivatives Limited,2023-10-31,50,61.1,0.00222,,-0.00542,2023,0
192,WomanCart Limited,2023-10-27,86,122.85,0.004285,,0.017384,2023,0
193,Arvind and Company Shipping Agencies Limited,2023-10-25,45,80.05,0.007789000000000001,,0.005867,2023,0
194,Committed Cargo Care Limited,2023-10-18,77,86.1,0.001182,,0.021831,2023,0
195,Plada Infotech Services Limited,2023-10-13,48,56.05,0.001677,,-0.005500000000000001,2023,0
196,Sharp Chucks And Machines Limited,2023-10-12,58,65.05,0.001216,,0.003284,2023,0
197,Karnika Industries Limited,2023-10-12,76,82.6,0.0008680000000000001,,0.075796,2023,0
198,Vivaa Tradecom Limited,2023-10-12,51,42.54,-0.001659,49.8,-0.000235,2023,0
199,Sunita Tools Limited,2023-10-11,145,147.25,0.000155,822.6,0.04673099999999999,2023,0
200,Goyal Salt Limited,2023-10-11,38,136.1,0.025816,,0.032105,2023,0
201,Oneclick Logistics India Limited,2023-10-11,99,133.0,0.003434,,0.009192,2023,0
202,Canarys Automations Limited,2023-10-11,31,41.3,0.003323,,-0.0004349999999999999,2023,0
203,Vishnusurya Projects and Infra Limited,2023-10-10,68,76.65,0.001272,,0.016449,2023,0
204,Kontor Space Limited,2023-10-10,93,115.9,0.002462,,-0.000661,2023,0
205,City Crops Agro Limited,2023-10-10,25,25.42,0.000168,26.0,0.0004,2023,0
206,Arabian Petroleum Limited,2023-10-09,70,76.25,0.000893,,0.000714,2023,0
207,E Factor Experiences Limited,2023-10-09,75,120.75,0.0061,,0.0184,2023,0
208,Organic Recycling Systems Limited,2023-10-06,200,225.75,0.001288,262.0,0.0031,2023,0
209,Vinyas Innovative Technologies Limited,2023-10-06,165,346.5,0.011,,0.050606,2023,0
210,Inspire Films Limited,2023-10-05,59,67.85,0.0015,,-0.006686,2023,0
211,Newjaisa Technologies Limited,2023-10-05,47,70.8,0.005064,,-0.000957,2023,0
212,Digikore Studios Limited,2023-10-04,171,283.5,0.006579000000000001,,-0.000526,2023,0
213,Mangalam Alloys Limited,2023-10-04,80,76.0,-0.0005,,-0.002,2023,0
214,Saakshi Medtech and Panels Limited,2023-10-03,97,153.3,0.005804,,0.007572,2023,0
215,Master Components Limited,2023-09-29,140,140.2,1.4e-05,,0.014754,2023,0
216,Cellecor Gadgets Limited,2023-09-28,92,96.6,0.0005,,0.030761,2023,0
217,Hi-Green Carbon Limited,2023-09-28,75,80.85,0.00078,,0.01878,2023,0
218,Marco Cables & Conductors Limited,2023-09-28,36,40.6,0.001278,,0.001806,2023,0
219,Kody Technolab Limited,2023-09-27,160,178.5,0.001156,,0.042625,2023,0
220,Techknowgreen Solutions Limited,2023-09-27,86,91.35,0.0006219999999999999,155.55,0.008087,2023,0
221,Kundan Edifice Limited,2023-09-26,91,78.75,-0.001346,,0.003846,2023,0
222,Madhusudan Masala Limited,2023-09-26,70,114.0,0.006286000000000001,,0.011286,2023,0
223,Chavda Infra Limited,2023-09-25,65,86.45,0.0033,,0.009623,2023,0
224,Holmarc Opto-Mechatronics Limited,2023-09-25,40,68.5,0.007125,,0.02075,2023,0
225,Unihealth Consultancy Limited,2023-09-21,132,133.0,7.6e-05,,0.003258,2023,0
226,Meson Valves India Limited,2023-09-21,102,203.45,0.009946,433.0,0.032451,2023,0
227,Jiwanram Sheoduttrai Industries Limited,2023-09-18,23,28.5,0.002391,,-0.005043,2023,0
228,Kahan Packaging Limited,2023-09-15,80,159.6,0.00995,67.0,-0.001625,2023,0
229,Saroja Pharma Industries India Limited,2023-09-13,84,68.25,-0.001875,,-0.005476,2023,0
230,Pramara Promotions Limited,2023-09-13,63,116.55,0.0085,,0.018556,2023,0
231,Basilic Fly Studio Limited,2023-09-11,97,284.55,0.019335,,0.035876,2023,0
232,Mono Pharmacare Limited,2023-09-07,28,30.45,0.0008749999999999999,,-0.001696,2023,0
233,C P S Shapers Limited,2023-09-07,185,472.5,0.015541,,0.037568,2023,0
234,Sahaj Fashions Limited,2023-09-06,30,30.35,0.000117,,-0.006233,2023,0
235,Sungarner Energies Limited,2023-08-31,83,262.35,0.021608,,0.027861,2023,0
236,Crop Life Science Limited,2023-08-30,52,53.15,0.000221,,-0.000192,2023,0
237,Bondada Engineering Limited,2023-08-30,75,149.62,0.009949,430.5,0.0474,2023,0
238,Shoora Designs Limited,2023-08-29,48,95.76,0.00995,77.7,0.006188,2023,0
239,Shelter Pharma Limited,2023-08-23,42,41.96,-1e-05,43.0,0.000238,2023,0
240,Srivari Spices and Foods Limited,2023-08-18,42,106.55,0.015369,,0.027762,2023,0
241,Yudiz Solutions Limited,2023-08-17,165,181.4,0.000994,,-0.008048,2023,0
242,Sangani Hospitals Limited,2023-08-17,40,41.85,0.000463,,0.00825,2023,0
243,Vinsys IT Services Limited,2023-08-11,128,217.6,0.006999999999999999,,0.021609,2023,0
244,Oriana Power Limited,2023-08-11,118,317.1,0.016873,,0.179542,2023,1
245,Zeal Global Services Limited,2023-08-09,103,170.15,0.006519,,0.003107,2023,0
246,Khazanchi Jewellers Limited,2023-08-07,140,149.4,0.000671,560.3,0.030021,2023,0
247,Shri Techtex Limited,2023-08-04,61,85.2,0.003967,,0.00409,2023,0
248,Innovatus Entertainment Networks Limited,2023-08-04,50,46.52,-0.000696,14.15,-0.007169999999999999,2023,0
249,Yasons Chemex Care Limited,2023-08-03,40,33.6,-0.0016,,-0.0066,2023,0
250,Service Care Limited,2023-07-26,67,67.55,8.2e-05,,-0.000634,2023,0
251,Asarfi Hospital Limited,2023-07-26,52,103.74,0.00995,135.05,0.015971,2023,0
252,Drone Destination Limited,2023-07-21,65,102.1,0.005708,,0.007154000000000001,2023,0
253,Ahasolar Technologies Limited,2023-07-21,157,213.15,0.003576,103.0,-0.003439,2023,0
254,Kaka Industries Limited,2023-07-19,58,115.71,0.00995,203.0,0.025,2023,0
255,AccelerateBS India Limited,2023-07-19,90,114.97,0.002774,113.7,0.002633,2023,0
256,Alphalogic Industries Limited,2023-07-14,96,96.29,3e-05,121.65,0.002672,2023,0
257,Tridhya Tech Limited,2023-07-13,42,44.1,0.0005,,-0.005012,2023,0
258,Synoptics Technologies Limited,2023-07-13,237,226.1,-0.00046,,-0.007006,2023,0
259,Global Pet Industries Limited,2023-07-10,49,52.8,0.000776,,0.018418,2023,0
260,Pentagon Rubber Limited,2023-07-07,70,123.5,0.007643,,-7.1e-05,2023,0
261,Essen Speciality Films Limited,2023-07-06,107,147.0,0.003738,,0.029075,2023,0
262,Greenchef Appliances Limited,2023-07-06,87,109.2,0.002552,,-0.002805,2023,0
263,Magson Retail And Distribution Limited,2023-07-06,65,95.7,0.004723,,0.0114,2023,0
264,Veefin Solutions Limited,2023-07-05,82,90.22,0.001002,345.0,0.032073,2023,0
265,Cosmic CRF Limited,2023-06-30,314,238.65,-0.0024,1594.7,0.040787,2023,0
266,Vilin Bio Med Limited,2023-06-30,30,28.5,-0.0005,,-0.000533,2023,0
267,Aatmaj Healthcare Limited,2023-06-30,60,53.2,-0.001133,,-0.0068,2023,0
268,Cell Point (India) Limited,2023-06-28,100,95.0,-0.0005,,-0.00801,2023,0
269,Bizotic Commercial Limited,2023-06-23,175,171.0,-0.000229,171.4,-0.000206,2023,0
270,Spectrum Talent Management Limited,2023-06-22,173,147.25,-0.001488,,-0.002945,2023,0
271,Urban Enviro Waste Management Limited,2023-06-22,100,148.05,0.004805,,0.005600000000000001,2023,0
272,Sonalis Consumer Products Limited,2023-06-19,30,39.9,0.0033,72.27,0.01409,2023,0
273,Kore Digital Limited,2023-06-14,180,190.95,0.000608,,0.006319,2023,0
274,Comrade Appliances Limited,2023-06-13,54,91.35,0.006917,79.1,0.004648,2023,0
275,CFF Fluid Control Limited,2023-06-12,165,183.75,0.001136,619.3,0.027533,2023,0
276,Sahana System Limited,2023-06-12,135,171.15,0.002678,,0.105489,2023,1
277,Infollion Research Services Limited,2023-06-08,82,198.55,0.014213,,0.052512,2023,0
278,Hemant Surgical Industries Limited,2023-06-05,90,179.55,0.00995,98.95,0.000994,2023,0
279,Proventus Agrocom Limited,2023-06-05,771,862.05,0.001181,,0.00297,2023,0
280,Crayons Advertising Limited,2023-06-02,65,94.5,0.004537999999999999,,-0.002592,2023,0
281,Vasa Denticity Limited,2023-06-02,128,221.55,0.007309,,0.038164,2023,0
282,Remus Pharmaceuticals Limited,2023-05-29,1229,1796.8,0.00462,,0.005158,2023,0
283,Krishca Strapping Solutions Limited,2023-05-26,54,112.9,0.010907,,0.040648,2023,0
284,Auro Impex & Chemicals Limited,2023-05-23,78,75.7,-0.000295,,-0.003827,2023,0
285,De Neers Tools Limited,2023-05-11,101,180.5,0.007871,,0.025198,2023,0
286,Innokaiz India Limited,2023-05-11,78,155.61,0.00995,16.5,-0.007885,2023,0
287,Retina Paints Limited,2023-05-03,30,30.5,0.000167,52.02,0.00734,2023,0
288,Quicktouch Technologies Limited,2023-05-02,61,61.0,0.0,,0.001082,2023,0
289,A G Universal Limited,2023-04-24,60,60.1,1.7e-05,,-0.002333,2023,0
290,Pattech Fitwell Tube Components Limited,2023-04-21,50,57.6,0.00152,,0.0046,2023,0
291,MOS Utility Limited,2023-04-18,76,94.5,0.002434,,0.025178,2023,0
292,Sancode Technologies Limited,2023-04-18,47,60.8,0.002936,54.79,0.001657,2023,0
293,Infinium Pharmachem Limited,2023-04-17,135,147.8,0.000948,,0.01207,2023,0
294,Exhicon Events Media Solutions Limited,2023-04-17,64,67.2,0.0005,416.3,0.055047,2023,0
295,Sotac Pharmaceuticals Limited,2023-04-13,111,120.75,0.000878,,0.001261,2023,0
296,Maiden Forgings Limited,2023-04-06,63,59.86,-0.000498,70.0,0.001111,2023,0
297,Dev Labtech Venture Limited,2023-03-29,51,50.21,-0.000155,61.69,0.002096,2023,0
298,Command Polymers Limited,2023-03-29,28,26.5,-0.000536,29.92,0.000686,2023,0
299,Nirman Agri Genetics Limited,2023-03-28,99,101.3,0.000232,,0.011551,2023,0
300,Quality Foils (India) Limited,2023-03-24,60,97.7,0.006283,,0.002933,2023,0
301,Bright Outdoor Media Limited,2023-03-24,146,157.5,0.000788,583.7,0.029979,2023,0
302,Labelkraft Technologies Limited,2023-03-23,55,55.79,0.000144,63.0,0.001455,2023,0
303,Sudarshan Pharma Industries Ltd,2023-03-22,73,69.35,-0.0005,28.82,-0.006051999999999999,2023,0
304,VELS Film International Limited,2023-03-22,99,103.4,0.000444,,-0.002379,2023,0
305,MCON Rasayan India Limited,2023-03-20,40,50.4,0.0026,,0.018375,2023,0
306,Prospect Commodities Limited,2023-03-20,61,61.45,7.400000000000001e-05,72.2,0.001836,2023,0
307,Systango Technologies Limited,2023-03-15,90,102.9,0.001433,,0.017378,2023,0
308,Vertexplus Technologies Limited,2023-03-15,96,106.05,0.001047,,0.000417,2023,0
309,ITCONS E-Solutions Limited,2023-03-13,51,49.33,-0.000327,504.85,0.08898999999999999,2023,0
310,ResGen Limited,2023-03-13,47,46.57,-9.1e-05,84.89,0.008062,2023,0
311,SVJ Enterprises Limited,2023-03-09,36,36.1,2.8e-05,195.65,0.044347,2023,0
312,Srivasavi Adhesive Tapes Limited,2023-03-09,41,42.0,0.000244,,0.007561,2023,0
313,Amanaya Ventures Limited,2023-03-09,23,19.1,-0.001696,13.5,-0.00413,2023,0
314,Patron Exim Limited,2023-03-06,27,26.98,-7e-06,6.1,-0.007741,2023,0
315,Viaz Tyres Limited,2023-03-01,62,68.05,0.0009760000000000001,,-0.0008309999999999999,2023,0
316,Macfos Limited,2023-03-01,102,174.8,0.007137,790.0,0.067451,2023,0
317,Sealmatic India Limited,2023-03-01,225,236.25,0.0005,611.6,0.017182,2023,0
318,Agarwal Float Glass India Limited,2023-02-23,42,44.05,0.000488,,0.002357,2023,0
319,Indong Tea Company Limited,2023-02-21,26,21.8,-0.001615,15.22,-0.004146,2023,0
320,Lead Reclaim and Rubber Products Limited,2023-02-21,25,27.65,0.00106,,0.02124,2023,0
321,Shera Energy Limited,2023-02-17,57,67.3,0.001807,,0.017175,2023,0
322,Earthstahl & Alloys Limited,2023-02-08,40,57.75,0.004438,26.0,-0.0035,2023,0
323,Gayatri Rubbers and Chemicals Limited,2023-02-07,30,36.75,0.00225,,0.15435,2023,1
324,Transvoy Logistics India Limited,2023-02-02,71,74.55,0.0005,94.2,0.003268,2023,0
325,DHARNI Capital Services Limited,2023-01-31,20,20.25,0.000125,53.5,0.01675,2023,0
326,Aristo Bio-Tech and Lifescience Limited,2023-01-30,72,84.0,0.001667,,0.006042,2023,0
327,Ducol Organics And Colours Limited,2023-01-19,78,117.5,0.005064,,0.004615,2023,0
328,Eastern Logica Infoway Limited,2023-01-17,225,283.5,0.0026,225.0,0.0,2023,0
329,Chaman Metallics Limited,2023-01-16,38,64.6,0.006999999999999999,,0.029276,2023,0
330,SVS Ventures Limited,2023-01-12,20,21.5,0.00075,8.17,-0.005915,2023,0
331,Rex Sealing and Packing Industries Limited,2023-01-12,135,143.85,0.000656,149.5,0.001074,2023,0
332,Anlon Technology Solutions Limited,2023-01-10,100,263.65,0.016365,,0.026535,2023,0
333,RBM Infracon Limited,2023-01-04,36,55.1,0.005306,,0.126389,2023,1
334,Homesfy Realty Limited,2023-01-02,197,287.95,0.004617,,0.005355,2023,0
335,Moxsh Overseas Educon Limited,2022-12-30,153,127.85,-0.001644,,-0.008235,2022,0
336,Arihant Academy Limited,2022-12-29,90,126.1,0.004011,,0.020372,2022,0
337,Uma Converter Limited,2022-12-29,33,33.15,4.5e-05,,-0.001818,2022,0
338,Dollex Agrotech Limited,2022-12-28,35,31.5,-0.001,,0.000371,2022,0
339,Droneacharya Aerial Innovations Limited,2022-12-23,54,107.1,0.009833,92.16,0.007067,2022,0
340,All E Technologies Limited,2022-12-21,90,131.25,0.004583,,0.032944,2022,0
341,PNGS Gargi Fashion Jewellery Limited,2022-12-20,30,59.85,0.00995,888.2,0.286067,2022,1
342,Arham Technologies Limited,2022-12-15,42,63.0,0.005,,0.012167,2022,0
343,Pritika Engineering Components Limited,2022-12-08,29,44.3,0.005275999999999999,,0.041724,2022,0
344,Baheti Recycling Industries Limited,2022-12-08,45,114.0,0.015333,,0.116689,2022,1
345,AMBO Agritec Ltd,2022-12-02,30,42.1,0.004033,80.7,0.0169,2022,0
346,Technopack Polymers Limited,2022-11-16,55,77.7,0.004127,23.99,-0.005638,2022,0
347,Amiable Logistics (India) Limited,2022-11-16,81,136.4,0.006840000000000001,,-0.001025,2022,0
348,Vital Chemtech Limited,2022-11-14,101,163.1,0.006149,,-0.003272,2022,0
349,DAPS Advertising Limited,2022-11-14,30,55.1,0.008367,22.98,-0.00234,2022,0
350,Integrated Personnel Services Limited,2022-11-11,59,69.8,0.001831,,0.035627,2022,0
351,Rite Zone Chemcon India Ltd,2022-11-11,75,86.95,0.001593,,-0.007059999999999999,2022,0
352,Phantom Digital Effects Limited,2022-10-21,95,312.7,0.022916,,0.016842,2022,0
353,Pace E-Commerce Ventures Limited,2022-10-20,103,109.7,0.00065,25.1,-0.007562999999999999,2022,0
354,Maagh Advertising And Marketing Services Ltd,2022-10-13,60,65.4,0.0009,25.42,-0.005763000000000001,2022,0
355,Frog Cellsat Limited,2022-10-13,102,185.8,0.008216,,0.013275,2022,0
356,Vedant Asset Limited,2022-10-12,40,68.25,0.007062000000000001,54.88,0.00372,2022,0
357,Swastik Pipe Limited,2022-10-12,100,69.3,-0.00307,,-0.006475,2022,0
358,QMS Medical Allied Services Ltd,2022-10-11,121,134.4,0.001107,,-0.002971,2022,0
359,Lloyds Luxuries Limited,2022-10-11,40,42.9,0.000725,,0.014438,2022,0
360,Insolation Energy Limited,2022-10-10,38,79.9,0.011026,264.9,0.059711,2022,0
361,Cyber Media Research & Services Ltd,2022-10-10,180,257.5,0.004306,,-0.004836,2022,0
362,Concord Control Systems Limited,2022-10-10,55,115.4,0.010982,1802.0,0.317636,2022,1
363,Silicon Rental Solutions Limited,2022-10-10,78,84.0,0.0007689999999999999,174.5,0.012372,2022,0
364,Cargosol Logistics Limited,2022-10-10,28,44.5,0.005893000000000001,15.09,-0.004611000000000001,2022,0
365,Cargotrans Maritime Limited,2022-10-10,45,73.5,0.006333,88.5,0.009667,2022,0
366,Reetech International Cargo and Courier Ltd,2022-10-10,105,83.6,-0.002038,43.22,-0.005884,2022,0
367,Steelman Telecom Limited,2022-10-10,96,169.05,0.007609,148.25,0.005443,2022,0
368,Trident Lifeline Limited,2022-10-10,101,108.15,0.000708,269.95,0.016728,2022,0
369,Mafia Trends Limited,2022-10-06,28,31.1,0.001107,14.2,-0.004929,2022,0
370,Containe Technologies Ltd,2022-09-30,15,23.1,0.0054,44.17,0.019447,2022,0
371,Maks Energy Solutions India Ltd,2022-09-28,20,21.0,0.0005,,0.0049,2022,0
372,Kandarp Digi Smart BPO Ltd,2022-09-28,30,28.5,-0.0005,,0.02055,2022,0
373,Annapurna Swadisht Limited,2022-09-27,70,126.0,0.008,,0.030257,2022,0
374,Varanium Cloud Limited,2022-09-27,122,128.55,0.0005369999999999999,,-0.007344000000000001,2022,0
375,Ishan International Limited,2022-09-22,80,82.8,0.0003500000000000001,,-0.00875,2022,0
376,Tapi Fruit Processing Ltd,2022-09-22,48,54.7,0.001396,,0.007396000000000001,2022,0
377,Sabar Flex India Limited,2022-09-21,11,22.05,0.010045,,-0.005135999999999999,2022,0
378,Mega Flex Plastics Limited,2022-09-19,40,56.7,0.004175,,0.003588,2022,0
379,Shantidoot Infra Services Limited,2022-09-19,81,110.25,0.003611,228.5,0.01821,2022,0
380,Viviana Power Tech Limited,2022-09-16,55,94.5,0.007181999999999999,,0.223445,2022,1
381,Virtuoso Optoelectronics Limited,2022-09-15,56,115.4,0.010607,431.4,0.067036,2022,0
382,EP Biocomposites Limited,2022-09-13,126,168.25,0.003353,126.0,0.0,2022,0
383,JFL Life Sciences Limited,2022-09-08,61,66.5,0.000902,,-0.007238,2022,0
384,Jay Jalaram Technologies Ltd,2022-09-08,36,52.5,0.004583,,0.027236,2022,0
385,Ameya Precision Engineers Ltd,2022-09-08,34,65.4,0.009235,,0.023676,2022,0
386,Dipna Pharmachem Limited,2022-09-08,38,33.4,-0.001211,21.17,-0.004429,2022,0
387,Rhetan TMT Limited,2022-09-05,70,66.5,-0.0005,18.76,-0.00732,2022,0
388,Naturo Indiabull Limited,2022-09-02,30,26.25,-0.00125,4.28,-0.008572999999999999,2022,0
389,Olatech Solutions Limited,2022-08-29,27,53.85,0.009944,228.0,0.074444,2022,0
390,Veekayem Fashion and Apparels Limited,2022-08-22,28,50.0,0.007857,,0.080482,2022,0
391,Upsurge Seeds of Agriculture Limited,2022-08-11,120,147.0,0.00225,,0.004333,2022,0
392,Agni Green Power Limited,2022-08-01,10,26.25,0.01625,,0.01815,2022,0
393,Healthy Life Agritec Limited,2022-07-26,10,9.34,-0.00066,59.18,0.04918,2022,0
394,Veerkrupa Jewellers Limited,2022-07-18,27,25.65,-0.0005,0.99,-0.009633000000000001,2022,0
395,SKP Bearing Industries Limited,2022-07-13,70,72.45,0.0003500000000000001,,0.022286,2022,0
396,Jayant Infratech Limited,2022-07-13,67,79.8,0.00191,76.86,0.001472,2022,0
397,B Right Realestate Limited,2022-07-13,153,154.0,6.5e-05,361.0,0.013595,2022,0
398,Kesar India Limited,2022-07-12,170,175.5,0.000324,569.15,0.023479,2022,0
399,Mangalam Worldwide Limited,2022-07-11,101,102.55,0.000153,,0.006094,2022,0
400,KCK Industries Limited,2022-07-08,30,26.25,-0.00125,,0.0565,2022,0
401,Sailani Tours N Travels Limited,2022-07-08,15,16.27,0.000847,13.96,-0.000693,2022,0
402,Pearl Green Clubs and Resorts Limited,2022-07-07,186,198.5,0.000672,98.0,-0.004731,2022,0
403,Modi's Navnirman Limited,2022-07-06,180,188.95,0.000497,270.0,0.005,2022,0
404,Goel Food Products Limited,2022-06-28,72,78.75,0.0009379999999999999,20.41,-0.007165,2022,0
405,Scarnose International Limited,2022-06-27,55,56.05,0.000191,86.64,0.005753,2022,0
406,Silver Pearl Hospitality & Luxury Spaces Ltd,2022-06-17,18,15.2,-0.001556,8.82,-0.0051,2022,0
407,Rachana Infrastructure Limited,2022-06-10,135,138.55,0.000263,,-0.006874,2022,0
408,Fidel Softech Limited,2022-06-10,37,62.05,0.006770000000000001,,0.046486,2022,0
409,Globesecure Technologies Limited,2022-06-02,29,37.1,0.002793,,-0.006,2022,0
410,Sonu Infratech Limited,2022-05-13,36,37.6,0.000444,,0.027486,2022,0
411,Le Merite Exports Limited,2022-05-09,75,78.75,0.0005,,0.03196,2022,0
412,Fone4 Communications (India) Limited,2022-05-06,10,9.5,-0.0005,8.2,-0.0018,2022,0
413,Nanavati Ventures Limited,2022-05-06,50,50.3,6e-05,102.23,0.010446,2022,0
414,Global Longlife Hospital and Research Limited,2022-05-04,140,135.35,-0.000332,27.5,-0.008036,2022,0
415,Shashwat Furnishing Solutions Limited,2022-05-04,45,45.3,6.7e-05,44.0,-0.000222,2022,0
416,Jeena Sikho Lifecare Limited,2022-04-19,150,173.35,0.001557,,0.1347,2022,1
417,Eighty Jewellers Limited,2022-04-13,41,44.1,0.000756,37.8,-0.00078,2022,0
418,Dhyaani Tile And Marblez Limited,2022-04-12,51,54.8,0.000745,12.31,-0.007586000000000001,2022,0
419,Sunrise Efficient Marketing Limited,2022-04-12,121,124.8,0.000314,217.8,0.008,2022,0
420,Krishna Defence and Allied Industries Limited,2022-04-06,39,78.75,0.010192,,0.236808,2022,1
421,P. E. Analytics Limited,2022-04-04,114,168.5,0.004781000000000001,,0.008439,2022,0
422,Empyrean Cashews Limited,2022-03-31,37,44.1,0.001919,,0.088108,2022,0
423,Evoq Remedies Limited,2022-03-30,27,23.75,-0.001204,4.87,-0.008196,2022,0
424,Achyut Healthcare Limited,2022-03-30,20,21.15,0.000575,3.65,-0.008175,2022,0
425,KN Agri Resources Limited,2022-03-28,75,146.0,0.009467,,0.01972,2022,0
426,Swaraj Suiting Limited,2022-03-28,56,53.2,-0.0005,,0.028696,2022,0
427,Cool Caps Industries Limited,2022-03-24,38,37.65,-9.2e-05,,0.203092,2022,1
428,Bhatia Colour Chem Limited,2022-03-24,80,42.0,-0.00475,326.0,0.03075,2022,0
429,SP Refractories Limited,2022-03-22,90,90.1,1.1e-05,,0.00485,2022,0
430,Shigan Quantum Technologies Limited,2022-03-11,50,64.05,0.00281,,0.00629,2022,0
431,Ekennis Software Service Limited,2022-03-07,72,84.0,0.001667,56.0,-0.002222,2022,0
432,Vaidya Sane Ayurved Laboratories Limited,2022-02-23,73,105.4,0.004438,,0.011247,2022,0
433,Richa Info Systems,2022-02-21,125,118.75,-0.0005,,-0.00392,2022,0
434,Maruti Interior Products Limited,2022-02-16,55,71.9,0.003073,109.15,0.009845,2022,0
435,Safa Systems & Technologies Limited,2022-02-09,10,15.73,0.00573,41.9,0.0319,2022,0
436,Quality RO Industries Limited,2022-02-09,51,53.7,0.0005290000000000001,153.5,0.020098,2022,0
437,Precision Metaliks Limited,2022-02-01,51,71.25,0.003971,,-0.005706,2022,0
438,Alkosign Limited,2022-02-01,45,45.25,5.6e-05,104.1,0.013133,2022,0
439,Dj Mediaprint & Logistics Limited,2022-01-31,125,241.7,0.009336,103.55,-0.001716,2022,0
440,Fabino Life Sciences Limited,2022-01-13,36,40.35,0.001208,24.75,-0.003125,2022,0
441,Ascensive Educare Limited,2022-01-12,26,28.95,0.001135,19.6,-0.002462,2022,0
442,Timescan Logistics (India) Limited,2022-01-12,51,86.1,0.006882,,0.001824,2022,0
443,AB Cotspin India Limited,2022-01-11,35,40.4,0.001543,,0.116886,2022,1
444,Vivo Collaboration Solutions Ltd,2021-12-31,82,337.35,0.03114,,-0.002195,2021,0
445,Brandbucket Media & Technology Limited,2021-12-31,55,52.5,-0.000455,4.9,-0.009109,2021,0
446,Clara Industries Limited,2021-12-29,43,44.0,0.000233,37.0,-0.001395,2021,0
447,Wherrelz IT Solutions Limited,2021-12-29,171,177.2,0.000363,237.6,0.003895,2021,0
448,Foce India Limited,2021-12-28,225,225.7,3.1e-05,,0.07177800000000001,2021,0
449,Euro Panel Products Limited,2021-12-24,70,71.4,0.0002,,0.013,2021,0
450,Nupur Recyclers Limited,2021-12-23,60,77.7,0.00295,,0.0,2021,0
451,DMR Hydroengineering & Infrastructures Limited,2021-12-07,21,26.25,0.0025,126.3,0.05014300000000001,2021,0
452,Omnipotent Industries Limited,2021-11-29,63,94.05,0.004929,10.57,-0.008322000000000001,2021,0
453,Suyog Gurbaxani Funicular Ropeways Limited,2021-11-16,45,45.1,2.2e-05,144.0,0.022,2021,0
454,Nidan Laboratories and Healthcare Limited,2021-11-12,125,117.75,-0.00058,,-0.00832,2021,0
455,Kotyark Industries Ltd,2021-11-02,51,48.45,-0.0005,,0.053676,2021,0
456,D.K. Enterprises Global Limited,2021-10-22,40,43.3,0.000825,,0.007225000000000001,2021,0
457,Samor Reality Limited,2021-10-13,62,62.45,7.3e-05,74.35,0.001992,2021,0
458,CWD Limited,2021-10-13,180,180.6,3.3e-05,1121.95,0.052331,2021,0
459,Adishakti Loha and Ispat Limited,2021-10-13,11,11.4,0.000364,15.7,0.004273,2021,0
460,Dynamic Services & Security Limited,2021-10-13,51,53.55,0.0005,,0.021176,2021,0
461,Destiny Logistics & Infra Limited,2021-10-13,20,19.7,-0.00015,,0.029,2021,0
462,Promax Power Limited,2021-10-12,10,11.55,0.00155,29.25,0.01925,2021,0
463,Bombay Metrics Supply Chain Limited,2021-10-12,93,103.2,0.001097,,-0.004575,2021,0
464,Shri Venkatesh Refineries Limited,2021-10-11,40,42.1,0.000525,209.0,0.04225,2021,0
465,Getalong Enterprise Limited,2021-10-08,69,76.7,0.001116,16.2,-0.007652,2021,0
466,Jainam Ferro Alloys (I) Limited,2021-10-08,70,73.1,0.000443,,0.027429,2021,0
467,Quadpro ITeS Limited,2021-09-30,20,19.85,-7.5e-05,,-0.008075,2021,0
468,SBL Infratech Limited,2021-09-28,111,125.0,0.001261,38.0,-0.006577,2021,0
469,Prevest Denpro Limited,2021-09-27,84,189.55,0.012565,478.0,0.046905,2021,0
470,Markolines Traffic Controls Limited,2021-09-27,78,65.3,-0.001628,161.7,0.010731,2021,0
471,Platinumone Business Services Limited,2021-09-16,92,104.9,0.001402,120.0,0.003043,2021,0
472,BEW Engineering Limited,2021-09-16,58,133.95,0.013095,,0.02069,2021,0
473,Naapbooks Limited,2021-09-15,74,74.0,0.0,137.7,0.008608,2021,0
474,Aashka Hospitals Limited,2021-09-01,121,115.05,-0.000492,97.45,-0.001946,2021,0
475,DU Digital Technologies Limited,2021-08-26,65,63.0,-0.000308,,0.0,2021,0
476,Rex Pipes and Cables Industries Ltd,2021-08-10,26,26.8,0.000308,,0.043654,2021,0
477,Network People Services Technologies Limited,2021-08-10,80,79.9,-1.2e-05,,0.252575,2021,1
478,Gretex Corporate Services Ltd,2021-08-09,170,180.6,0.000624,288.35,0.006962,2021,0
479,AA Plus Tradelink Limited,2021-07-22,18,17.5,-0.000278,0.81,-0.00955,2021,0
480,Focus Business Solution Limited,2021-07-13,19,27.9,0.004684,130.0,0.058421,2021,0
481,Walpar Nutritions Limited,2021-07-13,55,57.0,0.000364,,-0.0005909999999999999,2021,0
482,Times Green Energy (India) Ltd,2021-06-30,61,61.6,9.8e-05,75.0,0.002295,2021,0
483,Adeshwar Meditex Limited,2021-06-28,25,25.15,6e-05,18.2,-0.00272,2021,0
484,Navoday Enterprises Limited,2021-06-25,20,18.55,-0.000725,5.69,-0.007155,2021,0
485,Abhishek Integrations Limited,2021-06-21,50,38.0,-0.0024,,0.006,2021,0
486,Kuberan Global Edu Solutions Limited,2021-05-05,20,22.05,0.001025,35.14,0.00757,2021,0
487,Jetmall Spices and Masala Limited,2021-04-19,20,19.5,-0.00025,12.39,-0.003805,2021,0
488,Rajeshwari Cans Limited,2021-04-15,20,20.0,0.0,228.5,0.10425,2021,1
489,V-Marc India Limited,2021-04-09,39,47.1,0.002077,,0.064705,2021,0
490,EKI Energy Services Limited,2021-04-07,102,147.0,0.004412,124.35,0.002191,2021,0
491,Siddhika Coatings Limited,2021-04-07,57,56.95,-9e-06,,0.024544,2021,0
492,NIKS Technology Limited,2021-03-31,201,203.0,0.0001,475.0,0.013632,2021,0
493,Knowledge Marine & Engineering Works Limited,2021-03-22,37,38.25,0.000338,1711.7,0.452622,2021,1
494,Rangoli Tradecomm Limited,2021-03-22,207,220.4,0.0006469999999999999,3.09,-0.009851,2021,0
495,Ashapuri Gold Ornament Ltd,2021-03-17,81,70.05,-0.001352,6.71,-0.009172,2021,0
496,ADJIA Technologies Limited,2021-03-15,74,74.25,3.4e-05,49.0,-0.003378,2021,0
497,Pavna Industries Limited,2021-03-09,165,165.5,3e-05,,0.015967,2021,0
498,Party Cruisers Limited,2021-03-05,51,51.3,5.9e-05,,0.006422,2021,0
499,MRP Agro Limited,2021-02-18,40,37.8,-0.00055,122.0,0.0205,2021,0
500,Net Pix Shorts Digital Media Limited,2020-12-02,30,30.05,1.7e-05,32.0,0.000667,2020,0
501,Shine Fashions (India) Ltd,2020-11-02,40,39.55,-0.000113,446.0,0.1015,2020,1
502,Bodhi Tree Multimedia Ltd,2020-10-21,95,95.8,8.4e-05,,-0.000453,2020,0
503,Veer Global Infraconstruction Limited,2020-10-19,28,29.5,0.000536,135.0,0.038214,2020,0
504,Sigma Solve Limited,2020-10-19,45,45.1,2.2e-05,,0.0,2020,0
505,Atal Realtech Ltd,2020-10-15,72,66.7,-0.000736,,0.003736,2020,0
506,G M Polyplast Limited,2020-10-14,159,167.5,0.000535,89.0,-0.004403000000000001,2020,0
507,AAA Technologies Limited,2020-10-13,42,43.6,0.000381,,0.010207,2020,0
508,Atam Valves Ltd,2020-10-06,40,39.05,-0.000238,109.15,0.017288,2020,0
509,SecMark Consultancy Limited,2020-10-01,135,127.3,-0.00057,154.45,0.001441,2020,0
510,Advait Infratech Limited,2020-09-28,51,51.55,0.000108,1938.15,0.3700289999999999,2020,1
511,Trekkingtoes.com Ltd,2020-08-28,105,99.75,-0.0005,,0.0,2020,0
512,Suratwwala Business Group Ltd,2020-08-13,15,16.22,0.0008129999999999999,47.25,0.0215,2020,0
513,Bonlon Industries Ltd,2020-07-13,28,21.5,-0.002321,32.9,0.00175,2020,0
514,Ksolves India Ltd,2020-07-06,100,106.9,0.0006900000000000001,,0.05964000000000001,2020,0
515,Billwin Industries Ltd,2020-06-30,37,37.1,2.7e-05,32.21,-0.001295,2020,0
516,Nirmitee Robotics India Ltd,2020-04-21,185,189.0,0.000216,83.0,-0.005514,2020,0
517,Laxmi Goldorna House Ltd,2020-04-16,15,15.0,0.0,,0.453367,2020,1
518,DJ Mediaprint & Logistics Ltd,2020-04-13,20,20.8,0.0004,103.55,0.041775,2020,0
519,Cospower Engineering Ltd,2020-03-30,51,53.1,0.000412,700.0,0.127255,2020,1
520,RO Jewels Ltd,2020-03-25,36,36.0,0.0,2.52,-0.009300000000000001,2020,0
521,SM Auto Stamping Ltd,2020-03-16,18,18.0,0.0,33.13,0.008406,2020,0
522,ICL Organic Dairy Products Ltd,2020-02-17,20,21.8,0.0009,,0.0,2020,0
523,Chandra Bhagat Pharma Ltd,2020-02-14,51,51.75,0.000147,56.5,0.001078,2020,0
524,Janus Corporation Ltd,2020-02-06,50,48.5,-0.0003,4.72,-0.009056,2020,0
525,Madhav Copper Ltd,2020-02-06,102,99.75,-0.000221,,-0.004537999999999999,2020,0
526,Tranway Technologies Ltd,2020-02-05,10,11.65,0.00165,5.75,-0.00425,2020,0
527,HindPrakash Industries Ltd,2020-01-27,40,41.3,0.000325,,0.022285,2020,0
528,Vaxtex Cotfab Limited,2020-01-13,24,24.8,0.000333,,0.0,2020,0
529,Gian Life Care Limited,2020-01-13,22,22.0,0.0,15.64,-0.002891,2020,0
530,Valencia Nutrition Ltd,2020-01-06,46,46.95,0.000207,54.35,0.001815,2020,0
531,DC Infotech and Communication Ltd,2019-12-27,45,45.2,4.400000000000001e-05,,0.0513,2019,0
532,Ascom Leasing & Investments Ltd,2019-12-06,30,30.25,8.3e-05,,0.015517,2019,0
533,Mangalam Global Enterprise Limited,2019-11-27,51,51.5,9.8e-05,,0.017451,2019,0
534,Anuroop Packaging Ltd,2019-11-21,13,13.91,0.0007000000000000001,20.64,0.005877,2019,0
535,Goblin India Limited,2019-10-15,52,56.6,0.0008849999999999999,18.1,-0.006519,2019,0
536,Sona Hi Sona Jewellers (Gujarat) Ltd,2019-10-15,10,11.4,0.0014,,0.19655,2019,1
537,Gensol Engineering Limited,2019-10-15,83,86.25,0.000392,47.49,-0.004278000000000001,2019,0
538,Galactico Corporate Services Ltd,2019-10-09,23,23.05,2.2e-05,2.53,-0.0089,2019,0
539,Misquita Engineering Ltd,2019-10-04,27,29.2,0.0008150000000000001,84.0,0.021111,2019,0
540,Shiv Aum Steels Ltd,2019-10-01,44,44.15,3.4e-05,,0.05375,2019,0
541,Novateor Research Laboratories Ltd,2019-09-13,24,24.15,6.2e-05,57.5,0.013958,2019,0
542,Salasar Exteriors and Contour Ltd,2019-09-12,36,36.0,0.0,,0.008611,2019,0
543,Transpact Enterprises Ltd,2019-09-05,130,131.0,7.7e-05,263.4,0.010262,2019,0
544,Alphalogic Techsys Ltd,2019-09-05,84,84.35,4.2e-05,106.5,0.002679,2019,0
545,Wonder Fibromats Limited,2019-08-06,89,89.05,5.999999999999999e-06,,0.186865,2019,1
546,SK International Export Limited,2019-07-15,20,20.0,0.0,17.99,-0.001005,2019,0
547,A B Infrabuild Limited,2019-07-12,29,29.15,5.2e-05,,0.0,2019,0
548,City Pulse Multiplex Limited,2019-07-11,30,29.65,-0.000117,1332.65,0.434217,2019,1
549,Earum Pharmaceuticals Limited,2019-07-04,36,36.05,1.4e-05,1.12,-0.009689,2019,0
550,SBC Exports Limited,2019-07-04,22,23.1,0.0005,14.92,-0.003218,2019,0
551,Anand Rayons Limited,2019-07-02,27,27.2,7.400000000000001e-05,279.55,0.093537,2019,0
552,Parshva Enterprises Limited,2019-07-01,45,46.0,0.000222,251.1,0.0458,2019,0
553,Meera Industries Limited,2019-06-26,225,221.9,-0.000138,74.68,-0.006681,2019,0
554,Cian Healthcare Limited,2019-05-23,61,61.5,8.2e-05,4.12,-0.009325,2019,0
555,Par Drugs and Chemicals Limited,2019-05-16,51,50.45,-0.000108,,0.0,2019,0
556,Artemis Electricals Limited,2019-05-14,60,69.85,0.001642,23.95,-0.006008,2019,0
557,Evans Electric Limited,2019-05-13,52,54.8,0.000538,187.95,0.026144,2019,0
558,White Organic Retail Limited,2019-05-10,63,64.3,0.000206,5.71,-0.009094,2019,0
559,G. K. P. Printing & Packaging Limited,2019-05-08,32,35.0,0.0009379999999999999,6.24,-0.00805,2019,0
560,V R Films & Studios Limited,2019-04-30,61,60.0,-0.000164,15.45,-0.007467000000000001,2019,0
561,KHFM Hospitality and Facility Management Services Ltd,2019-04-12,36,36.1,2.8e-05,,0.012486,2019,0
562,Osia Hyper Retail Limited,2019-04-05,252,267.6,0.000619,,-0.001948,2019,0
563,Northern Spirits Limited,2019-04-04,43,43.1,2.3e-05,208.95,0.038593,2019,0
564,Roopshri Resorts Limited,2019-04-01,20,20.25,0.000125,50.97,0.015485,2019,0
565,Artedz Fabs Limited,2019-03-29,36,41.65,0.001569,,0.0,2019,0
566,Humming Bird Education Limited,2019-03-28,132,132.0,0.0,90.85,-0.003117,2019,0
567,Aartech Solonics Limited,2019-03-27,34,34.6,0.000176,69.42,0.030835,2019,0
568,Ashapuri Gold Ornament Limited,2019-03-27,51,51.0,0.0,6.71,-0.008683999999999999,2019,0
569,Mahip Industries Limited,2019-03-12,32,33.6,0.0005,,0.0,2019,0
570,Gleam Fabmat Limited,2019-03-05,10,8.55,-0.00145,10.61,0.00061,2019,0
571,Mindpool Technologies Limited,2019-02-28,30,28.5,-0.0005,,0.007183,2019,0
572,Kranti Industries Limited,2019-02-28,37,36.95,-1.4e-05,102.55,0.017716,2019,0
573,Jonjua Overseas Limited,2019-02-25,10,11.4,0.0014,10.37,0.00037,2019,0
574,Anmol India Limited,2019-02-21,33,35.9,0.000879,18.55,-0.004379,2019,0
575,Ritco Logistics Limited,2019-02-07,73,73.55,7.5e-05,276.0,0.027808,2019,0
576,Surani Steel Tubes Limited,2019-02-06,52,53.25,0.00024,,0.01225,2019,0
577,K.P.I. Global Infrastructure Limited,2019-01-22,80,81.3,0.000162,487.5,0.111875,2019,1
578,Axita Cotton Limited,2019-01-10,60,62.1,0.0003500000000000001,9.0,-0.0085,2019,0
